<entities anm2root="gfx/" version="5">
    <entity anm2path="Sword.anm2" baseHP="0" boss="0" champion="0" collisionDamage="0" collisionMass="3" collisionRadius="8" friction="1" id="6617" name="Knight Sword" numGridCollisionPoints="0" shadowSize="0" stageHP="0" variant="0">
        <gibs amount="0" blood="0" bone="0" eye="0" gut="0" large="0" />

    </entity>
<entity anm2path="s.anm2" baseHP="0" boss="0" champion="0" collisionDamage="0" collisionMass="3" collisionRadius="8" friction="1" id="6618" name="atkDummy" numGridCollisionPoints="0" shadowSize="0" stageHP="0" variant="0">
        <gibs amount="0" blood="0" bone="0" eye="0" gut="0" large="0" />
    </entity>
<entity anm2path="s.anm2" baseHP="0" boss="0" champion="0" collisionDamage="10" collisionMass="3" collisionRadius="8" friction="1" id="1000" name="atkDummy" numGridCollisionPoints="8" shadowSize="0" stageHP="0" variant="113" subtype="666">
        <gibs amount="0" blood="0" bone="0" eye="0" gut="0" large="0" />
    </entity>
<entity anm2path="IroncladControls.anm2" baseHP="0" boss="0" champion="0" collisionDamage="0" collisionMass="0" collisionRadius="1" friction="1" id="1000" variant="1037569613" name="IroncladControls" numGridCollisionPoints="0" shadowSize="0" stageHP="0" >
        <gibs amount="0" blood="0" bone="0" eye="0" gut="0" large="0" />
 </entity>
 <entity anm2path="IroncladControls2.anm2" baseHP="0" boss="0" champion="0" collisionDamage="0" collisionMass="0" collisionRadius="1" friction="1" id="1000" variant="1037569614" name="IroncladControls2" numGridCollisionPoints="0" shadowSize="0" stageHP="0" >
        <gibs amount="0" blood="0" bone="0" eye="0" gut="0" large="0" />
 </entity>
 <entity anm2path="FakeFloor.anm2" baseHP="0" boss="0" champion="0" collisionDamage="0" collisionMass="0" collisionRadius="1" friction="1" id="1000" variant="1098456088" name="fakefloor" numGridCollisionPoints="0" shadowSize="0" stageHP="0" >
        <gibs amount="0" blood="0" bone="0" eye="0" gut="0" large="0" />
    </entity>
	<entity anm2path="FakeFloor2.anm2" baseHP="0" boss="0" champion="0" collisionDamage="0" collisionMass="0" collisionRadius="1" friction="1" id="1000" variant="123456789" name="fakefloor2" numGridCollisionPoints="0" shadowSize="0" stageHP="0" >
        <gibs amount="0" blood="0" bone="0" eye="0" gut="0" large="0" />
    </entity>
    
</entities>